value,Label
-0.030099783892020303,0
0.15135445928309815,0
0.3137154747451049,0
0.37394666922609243,0
0.4901285850789832,0
0.5869400717128278,0
0.7053564123384866,0
0.7467407078037009,0
0.7442922232030192,0
0.7589004356752326,0
0.7343352579139502,0
0.726965580135438,0
0.7939055238217541,0
0.8301837803407153,0
0.8438619993996639,0
0.8347864184760241,0
0.9535813897731173,0
0.998882177556125,0
1.0120668247173685,0
1.0816300063470334,0
1.1014591074047637,0
1.0565857474672429,0
0.9795359667136717,0
0.8752039636756934,0
0.8018974885598171,0
0.6234036121319304,0
0.5531702083013973,0
0.41496824518712666,0
0.26534357364423533,0
0.17586887442598056,0
0.03127850532948669,0
-0.011755061486673185,0
-0.08648326404670681,0
-0.15425481533656657,0
-0.1730027813734038,0
-0.25582838071707414,0
-0.2914784013049125,0
-0.38411980375694077,0
-0.4044858707221125,0
-0.4722173097665397,0
-0.5664253490386442,0
-0.6814635716265757,0
-0.7835971120074171,0
-0.8817839831672676,0
-1.0472680324050097,0
-1.0880569542795193,0
-1.1505436302667635,0
-1.1565290724397994,0
-1.1294783775669144,0
-1.0658018376263876,0
-1.048419764285001,0
-0.9783201060292998,0
-0.931700542195504,0
-0.7448988278664611,0
-0.7142135133599314,0
-0.5840706496898118,0
-0.5496600575091208,0
-0.5334269627498602,0
-0.5238221134670467,0
-0.4625693236221252,0
-0.4156829903814946,0
-0.36868936314972733,0
-0.29436039014400883,0
-0.27913665787745934,0
-0.16228499617226838,0
-0.045645721765929376,0
0.12540305533750007,0
0.2519094043657471,0
0.3838513816243615,0
0.5201565615907436,0
0.620705612243778,0
0.769561826785959,0
0.7858067596252218,0
0.8738437942253463,0
0.9241124272658208,0
0.9694021676561987,0
0.9616493221258443,0
0.9401167151494816,0
0.9210458790087688,0
0.8547496845197291,0
0.8454847539156358,0
0.8152966644010424,0
0.85404800061377,0
0.8197131875338315,0
0.8781592671807366,0
0.9575712347109936,0
0.9375789156843012,0
0.8628657947620192,0
0.8170006021889471,0
0.7929224666193734,0
0.6847251596414342,0
0.5782794617657611,0
0.5214999143497245,0
0.2911866249999351,0
0.17475785806889746,0
0.012651138799011235,0
-0.07598147758712262,0
-0.23160607021762794,0
-0.3648802018822621,0
-0.3908406795595305,0
-0.4771515520721466,0
-0.5538522350075168,0
-0.5779013856797208,0
-0.6359629990611275,0
-0.6217929890763165,0
-0.6401617031634026,0
-0.6945783766300306,0
-0.7634579781043238,0
-0.8067259922916304,0
-0.8911564682375868,0
-0.9521884525406884,0
-1.0080955547767372,0
-1.0785736340469934,0
-1.1369598062823678,0
-1.151880317165816,0
-1.097976461974657,0
-1.1110249450095735,0
-0.9782705256235336,0
-0.8832712277827484,0
-0.8783440050398823,0
-0.703811180751622,0
-0.542344721300817,0
-0.4711982305987501,0
-0.3073589019159516,0
-0.21905758685117827,0
-0.17024448771838083,0
-0.12050357638243081,0
-0.06299109553163246,0
-0.011751454557086517,0
0.030745943549870418,0
0.07990566816574521,0
0.16414449793790337,0
0.2515247457925541,0
0.31914500080413777,0
0.5021760291974087,0
0.5369525266650346,0
0.7241828352415468,0
0.8042389334035718,0
0.9449719154201218,0
1.0275437452242657,0
1.0965212897479202,0
1.1174760494147047,0
1.1260528701033092,0
1.1425859324050374,0
1.0114101027837843,0
0.8864974202679063,0
0.9497989262333429,0
0.8698370216880269,0
0.7680654719637742,0
0.7216608669671706,0
0.6719086279884556,0
0.6632042454182989,0
0.6247807507670777,0
0.6586117576397815,0
0.6226516281109568,0
0.5852935143512726,0
0.5042343712895359,0
0.48432775303318165,0
0.4063194679208072,0
0.22180888659277848,0
0.06504795505785206,0
-0.07398474688589741,0
-0.25270336100495167,0
-0.37318735458249785,0
-0.5125746800735054,0
-0.5986835919452376,0
-0.6955749034831618,0
-0.741203444819933,0
-0.8252186192585801,0
-0.8868195324828927,0
-0.7855714886297642,0
-0.7785318158871298,0
-0.8271606058647258,0
-0.8207767159019087,0
-0.750765350378752,0
-0.8057817509312495,0
-0.889893508022823,0
-0.9549175913274055,0
-0.946891840945044,0
-0.9770560458804662,0
-0.981524802989569,0
-0.9833046041976297,0
-0.9022849154052575,0
-0.9295622996866627,0
-0.8769102586303097,0
-0.7423673087627194,0
-0.6174743160394637,0
-0.4840119550228037,0
-0.32733449583799423,0
-0.1721129552318605,0
-0.07104953747053935,0
0.06940190560253309,0
0.14215258696296215,0
0.14758667347661442,0
0.26776314097553783,0
0.3209192010961991,0
0.37771109352612703,0
0.37459012664398794,0
0.48146071527692424,0
0.44386434863627533,0
0.5329373772063021,0
0.6243939527687755,0
0.7795651855430581,0
0.84893596022544,0
0.9324429228227549,0
1.0580539269827391,0
1.0451060311986144,0
1.119260550569256,0
1.1614541900739899,0
1.1345427474858816,0
1.0493132093092807,0
1.0361683276241636,0
0.975054723016726,0
0.8978152794350203,0
0.7815496057012155,0
0.6229967966952282,0
0.5701473935261187,0
0.48292055593458505,0
0.45108980407977645,0
0.3536934399831615,0
0.3536956338131745,0
0.2943116695378991,0
0.26145999787791124,0
0.11243223109407743,0
0.12568782470467338,0
0.07822456397589679,0
-0.04377520727988378,0
-0.13071356262249817,0
-0.31353543240893006,0
-0.4242559542312696,0
-0.5300976461561138,0
-0.6619782304726792,0
-0.8163832942312494,0
-0.8834754395487882,0
-0.9805340744313876,0
-0.9801486866896605,0
-1.0378803842447313,0
-1.029397971490994,0
-0.9672723253051219,0
-0.9632778408175596,0
-0.8710486736724654,0
-0.8661280784306334,0
-0.8626087938662977,0
-0.8065212296308522,0
-0.7874505751015067,0
-0.7823933557258291,0
-0.8275250108027635,0
-0.8389012529976556,0
-0.7926947946405903,0
-0.7634809697499166,0
-0.7261767615318548,0
-0.6717142147839872,0
-0.5481283641343524,0
-0.36365279292565467,0
-0.24791872613703306,0
-0.12402911414024635,0
-0.011452367723725217,0
0.15531466513646158,0
0.33394686001545415,0
0.4680663850392539,0
0.5846033420044114,0
0.5470336197885386,0
0.620048427194308,0
0.6362076081972812,0
0.6481279201841791,0
0.6590381481799796,0
0.7481001941767291,0
0.720957581461305,0
0.7700770508005752,0
0.9015533846212099,0
0.9251967655478018,0
0.9271422121587571,0
0.9550881403567444,0
1.059547639515593,0
1.0896307538381238,0
1.0730035486260714,0
1.1286924223199806,0
1.0224162114004887,0
0.9395114647775553,0
0.8676409834221566,0
0.768798430131758,0
0.6208539738149299,0
0.48469326695439957,0
0.33344481920379687,0
0.24555321585353676,0
0.08602327863963849,0
0.07810598440725292,0
-0.012783989267348068,0
-0.07460819848206689,0
-0.0863253652973712,0
-0.13904850374391087,0
-0.23149930959446433,0
-0.2627560538901258,0
-0.3534669344032554,0
-0.39451400451739627,0
-0.5209494884262033,0
-0.6498074317155805,0
-0.7442058984300137,0
-0.8732799105778402,0
-0.9792668933146171,0
-1.0522942340770935,0
-1.1123065205293612,0
-1.0826469390684677,0
-1.1259490145322542,0
-1.0178369648988603,0
-1.0131318687851254,0
-0.9901954343580431,0
-0.9074079010309243,0
-0.8029859996996543,0
-0.7581617119005365,0
-0.7229487956786826,0
-0.6434386220086057,0
-0.5428323898436753,0
-0.5568648817990354,0
-0.5591525824706384,0
-0.4855095533106228,0
-0.4244421051061229,0
-0.3596615373154519,0
-0.31946508597613227,0
-0.23935096605248518,0
-0.17137711099222092,0
0.016512138483953647,0
0.1488678622708953,0
0.3141659440188156,0
0.4431039788834123,0
0.5642699968925986,0
0.7152762275434429,0
0.8044761698112727,0
0.8470027059091262,0
0.8564107886089665,0
0.915316466831334,0
0.8674885687062187,0
0.8716666806048063,0
0.8931744915207975,0
0.8619880534981036,0
0.8375715422335952,0
0.8771193377392862,0
0.837960313845674,0
0.8603221167310137,0
0.9224610109507922,0
0.9246336067065032,0
0.9376581797747182,0
0.9365534387330222,0
0.90710884698635,0
0.8424058583126145,0
0.7938931662654926,0
0.6991093784202584,0
0.5419040085720563,0
0.37431455844756917,0
0.2303729618449949,0
0.18410191128360864,0
0.04622967159632756,0
-0.18954856584454027,0
-0.29222103514640063,0
-0.3246760594540176,0
-0.36418777956698994,0
-0.4192994135504953,0
-0.4834579452400341,0
-0.5178557197259279,0
-0.5689040129902118,0
-0.5810035807005955,0
-0.5999184979524831,0
-0.7072872519342749,0
-0.8094999325319002,0
-0.8640946835488762,0
-0.9192978756276166,0
-1.0012388136274641,0
-1.090213228615035,0
-1.1373187968872003,0
-1.0956990448877857,0
-1.1613274417665962,0
-1.0857116831212532,0
-1.0361858386001843,0
-0.947550454526845,0
-0.8629195722430899,0
-0.7260309294876905,0
-0.6053066204452963,0
-0.560902241040347,0
-0.3955120045343947,0
-0.33618837303125504,0
-0.2746405931919433,0
-0.2619417188336849,0
-0.1483092363293594,0
-0.08201683460832361,0
-0.1225755795704857,0
-0.044722414820408354,0
0.04431613036217099,0
0.15473697900498698,0
0.26244801505530324,0
0.3540445639676145,0
0.488426321793962,0
0.6059760110696298,0
0.7426160983453799,0
0.8631649455787789,0
0.9813378724015895,0
1.0160340338536504,0
1.0593087471793845,0
0.9882988627894472,0
1.0142202708761194,0
1.0028609247627787,0
1.0071048511142988,0
0.9378244509464335,0
0.8622316925130239,0
0.8128573121795493,0
0.7748832286890014,0
0.7561998337453604,0
0.6843107186889316,0
0.743995879027788,0
0.7082417879712015,0
0.6583161149048239,0
0.6232894651661481,0
0.6225969436301471,0
0.5486204849907131,0
0.4837093597554537,0
0.26871310820368977,0
0.14725990462509259,0
0.048373332867585675,0
-0.17674639743783763,0
-0.261785692024949,0
-0.4033961344768872,0
-0.5096847908401396,0
-0.5971001631953374,0
-0.690157194667777,0
-0.7243143323099717,0
-0.7418819173392964,0
-0.7602291163125313,0
-0.7932189570735529,0
-0.8036481864946263,0
-0.7757540040564036,0
-0.7842349002498403,0
-0.8343313282023156,0
-0.88677100253565,0
-0.9820432013997099,0
-0.9486653781335688,0
-1.0581225480104464,0
-1.0533597740658902,0
-1.0270052220033357,0
-1.0784749896735075,0
-1.0287913261527741,0
-0.8647311762094742,0
-0.8412615789137331,0
-0.6980901686606817,0
-0.4743532974351078,0
-0.4016005286534661,0
-0.3325231855463706,0
-0.17150657738810235,0
-0.028886765867185787,0
0.07072472614005104,0
0.14551307344787384,0
0.1510531943134498,0
0.22341195944562964,0
0.29251031754986917,0
0.2622068284246317,0
0.3606971552548814,0
0.41051150482273435,0
0.4900034174425787,0
0.5876219772276957,0
0.6760816299716171,0
0.7855904600013466,0
0.8776598555531819,0
0.9921994877492817,0
1.093267666690773,0
1.128476450173578,0
1.0726743515113413,0
1.1946777371405424,0
1.1067396973384225,0
1.061598018800574,0
0.9443943588014373,0
0.8734232671092421,0
0.796749936797746,0
0.6588837643522305,0
0.6584935504716904,0
0.5558989349513425,0
0.5893727555596603,0
0.4961539788238987,0
0.4510717867912377,0
0.44095586173909584,0
0.36505955164170995,0
0.27661707299748695,0
0.23130634550039303,0
0.12160744273694747,0
0.01231303298581369,0
-0.07408738778810593,0
-0.21241246263576086,0
-0.3634522003046093,0
-0.5463901041450067,0
-0.648721383185011,0
-0.73253712909625,0
-0.8427097150574144,0
-0.9176882415521953,0
-0.9642481936549495,0
-0.9847578712430035,0
-0.944315873023913,0
-0.9644918724384957,0
-0.91977851782773,0
-0.9040347241291317,0
-0.8552868831026658,0
-0.8206983441147294,0
-0.8485726529567168,0
-0.8805968504435147,0
-0.8312761781410527,0
-0.8593993985066293,0
-0.840180911364227,0
-0.8714275974230661,0
-0.8688240083432216,0
-0.7708892710984775,0
-0.7413720944794947,0
-0.5969877355717796,0
-0.49597950156058546,0
-0.38922167440580996,0
-0.15378094758764704,0
-0.0169298932398115,0
0.0803409739239778,0
0.25706269510910595,0
0.33659668809374416,0
0.46290774583956457,0
0.4805269617752013,0
0.5514143051880097,0
0.5942613854377679,0
0.5937389610602933,0
0.6550545571341493,0
0.6648444444718682,0
0.6338776379885559,0
0.7556712604997966,0
0.766220544035348,0
0.8156561988868302,0
0.8793582398814576,0
0.9631777180930676,0
1.0429195609146216,0
1.094742717077548,0
1.109105735075599,0
1.1066494012044363,0
1.0465025668227976,0
1.0027270425612411,0
0.8780018500171406,0
0.7907786949276177,0
0.6892981082902316,0
0.5778124736962532,0
0.46360857002387157,0
0.31121852393936533,0
0.16069151726943617,0
0.14135155048079173,0
0.12246027856100639,0
-0.013423477975961592,0
0.006125579328629731,0
-0.043246371962229156,0
-0.07425699340261628,0
-0.1919392252444356,0
-0.22433015483537952,0
-0.33610179400940215,0
-0.41937662066335757,0
-0.5391777877814048,0
-0.6720303245631191,0
-0.8736396343817617,0
-0.9180608643258712,0
-0.961434713585195,0
-1.0517664219640288,0
-1.1013574974148732,0
-1.0778238848551114,0
-1.1075298507576348,0
-1.0374919809556333,0
-0.9765418855836031,0
-0.9359822697667806,0
-0.8490241098725384,0
-0.7844341098620542,0
-0.7593770762467094,0
-0.6800764904050226,0
-0.7016680973124567,0
-0.6021494548647759,0
-0.6072183804271442,0
-0.537460358903254,0
-0.5589190299639463,0
-0.5199376815681742,0
-0.41618303019008457,0
-0.3715006108991681,0
-0.21602768599932476,0
-0.033615894253127526,0
0.005717926036752703,0
0.15113025221147783,0
0.3316553363133112,0
0.5221665692226236,0
0.6252506349213333,0
0.7170262787330073,0
0.7623235594919389,0
0.8455111293264814,0
0.8866212052821705,0
0.8884686732425771,0
0.8884241632746709,0
0.848010009355874,0
0.8470631572409856,0
0.7948871597440633,0
0.8800197652841912,0
0.9009677055527181,0
0.8834614457763217,0
0.8996920007136949,0
0.9317477710596115,0
0.9917358736725348,0
0.9661938941611218,0
0.9730720037145973,0
0.9636418961581816,0
0.8487801963500899,0
0.7417583258947703,0
0.6303908363619458,0
0.4988633331268594,0
0.42096741884244504,0
0.20925307885114253,0
0.08499650026319788,0
-0.04888117945623663,0
-0.14342784927165725,0
-0.2590921998509657,0
-0.2449586565583861,0
-0.35210287646339933,0
-0.44470644313041685,0
-0.4264898886276663,0
-0.4855146301626324,0
-0.5162825684185922,0
-0.49583546268591977,0
-0.6372501892765372,0
-0.7210253262191586,0
-0.8091347401256579,0
-0.8585025907553883,0
-0.945428246891747,0
-1.025927144675269,0
-1.145189169425484,0
-1.166906736744266,0
-1.142431487660543,0
-1.0987106204401358,0
-1.0836472425226653,0
-0.9547051214115736,0
-0.8487776863021276,0
-0.728234151381548,0
-0.6522679894016222,0
-0.5810103168497343,0
-0.4647820519785651,0
-0.4552220086382259,0
-0.38464237930016454,0
-0.2992364274043538,0
-0.2218754126406413,0
-0.2105178025677123,0
-0.1843089380479675,0
-0.13423739414796132,0
-0.034613785849672014,0
0.07484241388636624,0
0.17415950410706144,0
0.3248952232685559,0
0.3443890152504247,0
0.5573569729290252,0
0.6811878679755088,0
0.8134079901941038,0
0.9277711273092173,0
0.9378261074642114,0
1.0196468561685443,0
1.0587443349149956,0
0.9954859123803729,0
1.0614602082453681,0
0.9766048544779382,0
0.8936059833426857,0
0.8693452249767678,0
0.8258709437620527,0
0.8156600534441785,0
3.298394796107552,1
3.2665727430099474,1
3.2235596109369435,1
3.2110323076331175,1
3.2057234815597333,1
3.1890738419299187,1
3.1062824276778294,1
3.1546613730490334,1
3.0442937532075547,1
2.9296045878675447,1
2.7598594610319047,1
2.630115768700043,1
2.496914235437273,1
2.373021766348189,1
2.1807660218674965,1
2.090165376683793,1
1.9350317713114231,1
1.9262352247289667,1
1.8423437803742018,1
1.7780616705414705,1
-0.7064424966809068,0
-0.7287036023698598,0
-0.7295420546053114,0
-0.738703356153338,0
-0.8215725678225254,0
-0.8365425469365426,0
-0.820899919642181,0
-0.8918318532129134,0
-0.9320772466368346,0
-0.9929023827671493,0
-1.0480090412913365,0
-1.0570645573520194,0
-1.0648420085439467,0
-1.0556729365541324,0
-0.9651896870875339,0
-0.8722623563732663,0
-0.8049285793473414,0
-0.6601328735656956,0
-0.4916004184260014,0
-0.3696755558618593,0
-0.2563611805309447,0
-0.12523672539604536,0
-0.08176775319313134,0
0.06782452280179921,0
0.0754496676082249,0
0.11005141900978213,0
0.1616243721793727,0
0.2082618176304105,0
0.2643486085293922,0
0.2908935898232911,0
0.41966611953171495,0
0.4657239564876105,0
0.6061208403333974,0
0.6936755187970535,0
0.8361358293747098,0
0.9300708269950219,0
1.0254089790553365,0
1.1064600155195685,0
1.1734259334988217,0
1.1543702655663093,0
1.1000679499697232,0
1.119610553461579,0
1.039169804809038,0
0.9450693274133136,0
0.830906320210959,0
0.7401573394419668,0
0.6774576500202456,0
0.605035076385191,0
0.6142867945756821,0
0.5031456127041122,0
0.5347199422373125,0
0.48153924970506223,0
0.4200851760913942,0
0.38892132600939333,0
0.3701108877620674,0
0.27808074844857555,0
0.11641337785461009,0
0.03981081200149891,0
-0.13023053907561227,0
-0.2568389279719117,0
-0.4935180276594202,0
-0.4942492989145656,0
-0.6711855577259811,0
-0.7572697892860122,0
-0.8418740358513632,0
-0.9345899179205944,0
-0.8935622775958334,0
-0.927481670553081,0
-0.8904215020221423,0
-0.8606866920117185,0
-0.9488977058956438,0
-0.8880425225417746,0
-0.841696486559811,0
-0.8465858247462674,0
-0.8581197127652053,0
-0.9313703944153585,0
-0.9094612121932663,0
-0.9298520873699175,0
-0.8840209346672037,0
-0.9084888988513263,0
-0.832162105395076,0
-0.7955251016487184,0
-0.7180399294969136,0
-0.5767843202302434,0
-0.4663102098930121,0
-0.28710154973012264,0
-0.13135000640182815,0
0.0632479012490697,0
0.12751588201055383,0
0.2729326920106787,0
0.3670054608649241,0
0.4619955355873807,0
0.4676415417274345,0
0.42031285112236244,0
0.5338241430388699,0
0.5816599105966763,0
0.6756610121727135,0
0.5784898783517581,0
0.6706225293572223,0
0.7225557952889871,0
0.8029550564663047,0
0.9237784654791289,0
0.9949570945873768,0
1.0664722107486264,0
1.087055873522792,0
1.0873764051828123,0
1.1542215081279712,0
1.0599826276406843,0
1.0239545555263991,0
0.9834021026725608,0
0.849292837867602,0
0.7358842376040721,0
0.6708089849641761,0
0.5554667048212453,0
0.4298445905922437,0
0.32692903959308545,0
0.2226590665047272,0
0.13977335659147844,0
0.23024277929025344,0
0.13948429789289368,0
0.03658341555272786,0
-0.043983103503683854,0
-0.05512855603730765,0
-0.14178288863716915,0
-0.2579651603745024,0
-0.3342541730821146,0
-0.4861414845462284,0
-0.6174918954364133,0
-0.7167471553239979,0
-0.8922433426397574,0
-0.9147495611365917,0
-1.0001909904304844,0
-1.106671107360261,0
-1.0735578698635206,0
-1.1033988517092517,0
-1.0450045776086352,0
-0.9944402416383384,0
-0.9244609277449355,0
-0.8833421409726755,0
-0.7640366703048898,0
-0.7905629307151623,0
-0.7015473345767906,0
-0.7187743487621191,0
-0.6985980755055125,0
-0.7035656977043601,0
-0.6906413060004405,0
-0.5986095077330165,0
-0.5851981827210935,0
-0.5123177306507504,0
-0.44230733090153956,0
-0.30862390768514475,0
-0.1485706455857225,0
-0.03829679336297474,0
0.10043625349809751,0
0.23495429313645644,0
0.36098768165276623,0
0.46552353854613077,0
0.6035434429717215,0
0.6580420529032066,0
0.7356110086845512,0
0.7797183096741018,0
0.8000940583671879,0
0.7486357773119235,0
0.7978349237387431,0
0.8344012550910741,0
0.783166071864515,0
0.8528526871743844,0
0.8607623577255927,0
0.8785956883666838,0
1.0021563759432894,0
0.9861332791625715,0
0.9800617973423509,0
1.0551869608764355,0
1.0260941353491628,0
0.9497645193287447,0
0.9738640994937269,0
0.8056629886917028,0
0.6852863464513536,0
0.5685784671041898,0
0.359710214251168,0
0.3437820908481004,0
0.10199517828292019,0
0.011757402542269209,0
-0.058479720415357324,0
-0.1436095612103025,0
-0.21802243405602534,0
-0.2408131099446125,0
-0.24955540564934375,0
-0.3666597124033148,0
-0.418230449246433,0
-0.44712046552078477,0
-0.4283405061913406,0
-0.5616225854819157,0
-0.6383916772865796,0
-0.7543382114571853,0
-0.8600803547500667,0
-0.9760679262161777,0
-1.079726733428477,0
-1.0466845249702248,0
-1.1442765887443853,0
-1.154571838424846,0
-1.11026292000798,0
-1.0801893422839715,0
-1.0832074281838644,0
-0.8569757207765157,0
-0.7971912308135243,0
-0.7400881923492839,0
-0.6140019103104702,0
-0.5654635261081692,0
-0.5186516018141323,0
-0.44234046001090027,0
-0.3617573464301645,0
-0.2945752713073999,0
-0.349778264198626,0
-0.2921087871527495,0
-0.24530025829973393,0
-0.1569984787475057,0
-0.03910278896117908,0
0.0880669158343076,0
0.18717970064161954,0
-2.7008677583751086,1
-2.5104104633827458,1
-2.382673139045261,1
-2.266690713223318,1
-2.19126660558088,1
-2.1100615219276913,1
-2.08282841520483,1
0.8967998885617144,0
1.0391203709375996,0
0.962670038565893,0
0.9489421597147093,0
0.9363120761833711,0
0.9129741935329303,0
0.8232861374601066,0
0.8023042524669017,0
0.8095039092460777,0
0.8061877584737395,0
0.8295081424907933,0
0.8342053504653091,0
0.8479428790157979,0
0.8221037293617456,0
0.7808066931750978,0
0.6300323818072124,0
0.6018171204035815,0
0.49786434287251624,0
0.3649061927042305,0
0.281937139730396,0
0.08849703658478941,0
-0.13097084914465745,0
-0.19002257931261057,0
-0.28558383369115864,0
-0.3537052567687475,0
-0.4955184821757331,0
-0.5392690326579823,0
-0.5900174158813669,0
-0.5801641325597859,0
-0.7183714995728402,0
-0.633366126643534,0
-0.7549858791232164,0
-0.7297227430599549,0
-0.7075871659464621,0
-0.8357081973999796,0
-0.8493186323933725,0
-0.9804276497784121,0
-1.0037761558525375,0
-1.1012500190915682,0
-1.1196087553038259,0
-1.1478342747447805,0
-1.0452509760890574,0
-0.9890699634686679,0
-0.9544340998922718,0
-0.8291813527635388,0
-0.6761995382809387,0
-0.5800752392380965,0
-0.5140816357285739,0
-0.2978452249006206,0
-0.2718971672259891,0
-0.1363192873166988,0
-0.12043514984552639,0
-0.06371037453818262,0
0.015241236588120608,0
0.026935999416862193,0
0.10583965358770904,0
0.19768384490131619,0
0.220563954209524,0
0.3089519493420346,0
0.40066935048592367,0
0.5296786032886294,0
0.6755211146652202,0
0.7644400160710468,0
0.910798647231298,0
0.9839997600247032,0
1.0729173350514842,0
1.0980144287143927,0
1.149593043608761,0
1.053244640039109,0
1.1044149367297793,0
1.0230132183103837,0
0.9612730052140513,0
0.9647746146208621,0
0.8030418251176975,0
0.7266942562551082,0
0.6555153613794433,0
0.6328573159912989,0
0.571733974110483,0
0.5879726802435072,0
0.5195008148261399,0
0.49999716579133374,0
0.43640005265178383,0
0.39559531711493334,0
0.34623012791648083,0
0.2639669532033094,0
0.11832003044332479,0
-0.009623909416691357,0
-0.1401932400346929,0
-0.24465715761876589,0
-0.46715278392772935,0
-0.6340097546989032,0
-0.7276711030142385,0
-0.8126888014178915,0
-0.814144872590031,0
-0.862039080417735,0
-0.8558019473650684,0
-0.8712148661218705,0
-0.8781682731030311,0
-0.8202486885832422,0
-0.8383323127089864,0
-0.8451825185336167,0
-0.8365225325350352,0
-0.9041372349461481,0
-0.8664480804144926,0
-0.960715742341766,0
-0.939796588180232,0
-0.9516288769245244,0
-0.91118372291464,0
-0.9174283053537658,0
-0.8137383512346976,0
-0.764284177618986,0
-0.6921873490251716,0
-0.47231114165268984,0
-0.35175658663672965,0
-0.16041174075768963,0
-0.06190735720024713,0
0.024824354213224473,0
