value_1,value_2,Label
-0.030099783892020303,0.9567304252861764,0
0.15135445928309815,1.0369278654690235,0
0.3137154747451049,0.9666174678388452,0
0.37394666922609243,0.9923402074682958,0
0.4901285850789832,0.9797615454552714,0
0.5869400717128278,0.9628209918139535,0
0.7053564123384866,0.9300011321876419,0
0.7467407078037009,0.9088424725485859,0
0.7442922232030192,0.8135363781422535,0
0.7589004356752326,0.7368392663661717,0
0.7343352579139502,0.6625856109192559,0
0.726965580135438,0.6391509752614931,0
0.7939055238217541,0.5656369131692424,0
0.8301837803407153,0.47638685666001634,0
0.8438619993996639,0.4225940553354867,0
0.8347864184760241,0.41535245959816647,0
0.9535813897731173,0.3280042777989494,0
0.998882177556125,0.2749667956320384,0
1.0120668247173685,0.1328053213270933,0
1.0816300063470334,0.046542525722553865,0
1.1014591074047637,0.016101014764057543,0
1.0565857474672429,-0.057489858709973786,0
0.9795359667136717,-0.17649097744884934,0
0.8752039636756934,-0.2716876759719269,0
0.8018974885598171,-0.2953535640991767,0
0.6234036121319304,-0.4108881844815283,0
0.5531702083013973,-0.43780849813053757,0
0.41496824518712666,-0.552023809406909,0
0.26534357364423533,-0.5878761901869887,0
0.17586887442598056,-0.6468042534497572,0
0.03127850532948669,-0.7529360469751268,0
-0.011755061486673185,-0.7930308483067257,0
-0.08648326404670681,-0.8425749198274334,0
-0.15425481533656657,-0.8784426227756263,0
-0.1730027813734038,-0.9163197301168979,0
-0.25582838071707414,-0.9268383027457178,0
-0.2914784013049125,-0.9506812323875024,0
-0.38411980375694077,-0.9733113049255921,0
-0.4044858707221125,-0.9223488894323809,0
-0.4722173097665397,-1.0062259239726026,0
-0.5664253490386442,-1.0144771346579098,0
-0.6814635716265757,-0.9596652925826149,0
-0.7835971120074171,-1.0184945042465243,0
-0.8817839831672676,-0.9186853201757372,0
-1.0472680324050097,-0.9422961565819628,0
-1.0880569542795193,-0.9552524291786897,0
-1.1505436302667635,-0.9014264775369906,0
-1.1565290724397994,-0.9006809924828951,0
-1.1294783775669144,-0.7964612554199888,0
-1.0658018376263876,-0.7549165036227756,0
-1.048419764285001,-0.7219443364477137,0
-0.9783201060292998,-0.6468114580574477,0
-0.931700542195504,-0.5940336094346648,0
-0.7448988278664611,-0.49214191876922425,0
-0.7142135133599314,-0.47957911885321564,0
-0.5840706496898118,-0.3496146711701634,0
-0.5496600575091208,-0.26641676501368583,0
-0.5334269627498602,-0.21707487205830314,0
-0.5238221134670467,-0.1825041621923199,0
-0.4625693236221252,-0.05702769937782583,0
-0.4156829903814946,0.029121428953258872,0
-0.36868936314972733,0.08661855875152072,0
-0.29436039014400883,0.10838479516809736,0
-0.27913665787745934,0.19493010960610757,0
-0.16228499617226838,0.29880709363444435,0
-0.045645721765929376,0.3620181733719931,0
0.12540305533750007,0.47379200673890387,0
0.2519094043657471,0.5245786978128286,0
0.3838513816243615,0.6272140355364992,0
0.5201565615907436,0.6153321926991675,0
0.620705612243778,0.7018651203199016,0
0.769561826785959,0.7376224664357515,0
0.7858067596252218,0.7953042360992542,0
0.8738437942253463,0.8554015339786457,0
0.9241124272658208,0.8329250810167516,0
0.9694021676561987,0.9571713295127963,0
0.9616493221258443,0.9447668269970905,0
0.9401167151494816,0.9498858336452453,0
0.9210458790087688,1.0305788939185396,0
0.8547496845197291,0.9731219611284412,0
0.8454847539156358,1.0199937753427308,0
0.8152966644010424,0.9701639001498498,0
0.85404800061377,1.0045711843815224,0
0.8197131875338315,0.9611562939760452,0
0.8781592671807366,0.975117801306334,0
0.9575712347109936,0.9893348474033252,0
0.9375789156843012,0.8230554800549352,0
0.8628657947620192,0.9069459143778323,0
0.8170006021889471,0.812197256144581,0
0.7929224666193734,0.7364240122476571,0
0.6847251596414342,0.7380733078241788,0
0.5782794617657611,0.6380334339745108,0
0.5214999143497245,0.6081248878233184,0
0.2911866249999351,0.4932442533556257,0
0.17475785806889746,0.44599519930938736,0
0.012651138799011235,0.392837039670731,0
-0.07598147758712262,0.33603835646773433,0
-0.23160607021762794,0.22802712537230815,0
-0.3648802018822621,0.1632588335528893,0
-0.3908406795595305,0.05920560585447768,0
-0.4771515520721466,-0.015115164202714587,0
-0.5538522350075168,-0.05195090035275399,0
-0.5779013856797208,-0.2156452713776692,0
-0.6359629990611275,-0.26865125707593407,0
-0.6217929890763165,-0.3258079819012945,0
-0.6401617031634026,-0.3936261258568068,0
-0.6945783766300306,-0.42922368392963745,0
-0.7634579781043238,-0.5444220092689279,0
-0.8067259922916304,-0.6099690819025089,0
-0.8911564682375868,-0.6409993647452947,0
-0.9521884525406884,-0.6555428203544389,0
-1.0080955547767372,-0.7937297405666468,0
-1.0785736340469934,-0.7781619553605917,0
-1.1369598062823678,-0.8350315695826398,0
-1.151880317165816,-0.9343103641652029,0
-1.097976461974657,-0.9438200704499243,0
-1.1110249450095735,-0.9763013199827707,0
-0.9782705256235336,-0.9944655208622614,0
-0.8832712277827484,-0.9944891803603677,0
-0.8783440050398823,-1.0133703728602397,0
-0.703811180751622,-0.9737718976990708,0
-0.542344721300817,-1.044521491922699,0
-0.4711982305987501,-1.0190619369304752,0
-0.3073589019159516,-0.9542770644890756,0
-0.21905758685117827,-0.9376641735367309,0
-0.17024448771838083,-0.9420179480191608,0
-0.12050357638243081,-0.9062166771204105,0
-0.06299109553163246,-0.8829957485422554,0
-0.011751454557086517,-0.7643939852534064,0
0.030745943549870418,-0.8220740400093784,0
0.07990566816574521,-0.6745611529380507,0
0.16414449793790337,-0.6771339237804984,0
0.2515247457925541,-0.557930043847753,0
0.31914500080413777,-0.48959512457221,0
0.5021760291974087,-0.48431042465974466,0
0.5369525266650346,-0.3811942568699912,0
0.7241828352415468,-0.24845788120390877,0
0.8042389334035718,-0.24741887529838838,0
0.9449719154201218,-0.17248069704745803,0
1.0275437452242657,-0.08770053624960944,0
1.0965212897479202,-0.015393021317056915,0
1.1174760494147047,0.05262215262584386,0
1.1260528701033092,0.15702770920299852,0
1.1425859324050374,0.2965798937368216,0
1.0114101027837843,0.2669880618515348,0
0.8864974202679063,0.41568940106727376,0
0.9497989262333429,0.4240281999888097,0
0.8698370216880269,0.5165932343256004,0
0.7680654719637742,0.5786192275385905,0
0.7216608669671706,0.5952418575073654,0
0.6719086279884556,0.7168834758426251,0
0.6632042454182989,0.755517153869857,0
0.6247807507670777,0.763732534430436,0
0.6586117576397815,0.8794581704727557,0
0.6226516281109568,0.8795690899421686,0
0.5852935143512726,0.9102988598236256,0
0.5042343712895359,0.9879443917535474,0
0.48432775303318165,0.9552205811501152,0
0.4063194679208072,1.0673838795467108,0
0.22180888659277848,1.0260844908407916,0
0.06504795505785206,0.98765009937148,0
-0.07398474688589741,0.9650283138338592,0
-0.25270336100495167,0.987169618229142,0
-0.37318735458249785,1.000990560447682,0
-0.5125746800735054,0.9133328442403246,0
-0.5986835919452376,0.8754101465874625,0
-0.6955749034831618,0.9254607338464516,0
-0.741203444819933,0.8458861424434354,0
-0.8252186192585801,0.8145748934114109,0
-0.8868195324828927,0.7556391755311963,0
-0.7855714886297642,0.722885132083444,0
-0.7785318158871298,0.6587230180889491,0
-0.8271606058647258,0.6113413741972041,0
-0.8207767159019087,0.5016175938201789,0
-0.750765350378752,0.44056367553170456,0
-0.8057817509312495,0.41788760342442105,0
-0.889893508022823,0.30049578879328576,0
-0.9549175913274055,0.20434468313707974,0
-0.946891840945044,0.15369128525024134,0
-0.9770560458804662,0.10770495013179145,0
-0.981524802989569,0.0016087821074180046,0
-0.9833046041976297,-0.06755426810540457,0
-0.9022849154052575,-0.1430434394048592,0
-0.9295622996866627,-0.2960307304374781,0
-0.8769102586303097,-0.2926271668931822,0
-0.7423673087627194,-0.40102672105414616,0
-0.6174743160394637,-0.41997841645471246,0
-0.4840119550228037,-0.4947102059940963,0
-0.32733449583799423,-0.6164974418810873,0
-0.1721129552318605,-0.6360077054504388,0
-0.07104953747053935,-0.6826932898548435,0
0.06940190560253309,-0.7829963111967274,0
0.14215258696296215,-0.7690694740278141,0
0.14758667347661442,-0.860451312416062,0
0.26776314097553783,-0.8745216252610858,0
0.3209192010961991,-0.9297240437373867,0
0.37771109352612703,-0.9627807994385326,0
0.37459012664398794,-0.937014761831597,0
0.48146071527692424,-0.9946765490627131,0
0.44386434863627533,-1.0358010321621265,0
0.5329373772063021,-1.0020281090722747,0
0.6243939527687755,-0.9739531005722798,0
0.7795651855430581,-0.9906371956279248,0
0.84893596022544,-0.9138162730547569,0
0.9324429228227549,-0.9513001755674856,0
1.0580539269827391,-0.8812743441468674,0
1.0451060311986144,-0.952150643815511,0
1.119260550569256,-0.8420063184218101,0
1.1614541900739899,-0.853931224677315,0
1.1345427474858816,-0.8074166860323856,0
1.0493132093092807,-0.7146910493209618,0
1.0361683276241636,-0.6587915106858392,0
0.975054723016726,-0.5966143983118782,0
0.8978152794350203,-0.5582409353969855,0
0.7815496057012155,-0.46633497983852185,0
0.6229967966952282,-0.38424782273672153,0
0.5701473935261187,-0.32865339224839607,0
0.48292055593458505,-0.26344972797232297,0
0.45108980407977645,-0.18957932058094598,0
0.3536934399831615,-0.07401500622541418,0
0.3536956338131745,-0.04920341972095653,0
0.2943116695378991,0.06907766888316184,0
0.26145999787791124,0.1780568413817835,0
0.11243223109407743,0.14573586855541526,0
0.12568782470467338,0.3698378812635422,0
0.07822456397589679,0.3611194370849632,0
-0.04377520727988378,0.4429111344121978,0
-0.13071356262249817,0.49536221728379687,0
-0.31353543240893006,0.5505310689807084,0
-0.4242559542312696,0.6564379597058662,0
-0.5300976461561138,0.698996311233437,0
-0.6619782304726792,0.7812914657565492,0
-0.8163832942312494,0.8061753479482406,0
-0.8834754395487882,0.8627206741612118,0
-0.9805340744313876,0.87552695141892,0
-0.9801486866896605,0.965586296788454,0
-1.0378803842447313,0.9594522090751731,0
-1.029397971490994,0.9315303124056001,0
-0.9672723253051219,0.9860911475519301,0
-0.9632778408175596,1.0354000986259297,0
-0.8710486736724654,1.0094670702653514,0
-0.8661280784306334,1.0579512534896673,0
-0.8626087938662977,0.9745151455630727,0
-0.8065212296308522,0.9738523945130078,0
-0.7874505751015067,0.9755147820700488,0
-0.7823933557258291,0.931101428930239,0
-0.8275250108027635,0.825080434688013,0
-0.8389012529976556,0.8605962649469017,0
-0.7926947946405903,0.8081113349407567,0
-0.7634809697499166,0.7630120672920043,0
-0.7261767615318548,0.711083949854677,0
-0.6717142147839872,0.6646341327191267,0
-0.5481283641343524,0.5998852098254772,0
-0.36365279292565467,0.5465516746023097,0
-0.24791872613703306,0.4233326269545961,0
-0.12402911414024635,0.33727607434840645,0
-0.011452367723725217,0.31999961979499847,0
0.15531466513646158,0.27774298702538613,0
0.33394686001545415,0.16966503403748817,0
0.4680663850392539,0.016118357240264503,0
0.5846033420044114,-0.03728270165076817,0
0.5470336197885386,-0.05775587152007845,0
0.620048427194308,-0.14517643492102775,0
0.6362076081972812,-0.2826287548652434,0
0.6481279201841791,-0.33171145207926533,0
0.6590381481799796,-0.3387002044104505,0
0.7481001941767291,-0.487375684445329,0
0.720957581461305,-0.4684476743755929,0
0.7700770508005752,-0.5767733894991128,0
0.9015533846212099,-0.645339204863659,0
0.9251967655478018,-0.7102613340983908,0
0.9271422121587571,-0.7784726486315541,0
0.9550881403567444,-0.7714748386298821,0
1.059547639515593,-0.9176047037641888,0
1.0896307538381238,-0.8845475065878395,0
1.0730035486260714,-0.9490221626179258,0
1.1286924223199806,-0.928830089819555,0
1.0224162114004887,-0.9600747643319735,0
0.9395114647775553,-0.9675334743330686,0
0.8676409834221566,-1.0215331226356688,0
0.768798430131758,-1.0461711654171095,0
0.6208539738149299,-1.001120114914361,0
0.48469326695439957,-0.9724437346826358,0
0.33344481920379687,-0.9305174305741176,0
0.24555321585353676,-0.9490189505260933,0
0.08602327863963849,-0.9343397088032233,0
0.07810598440725292,-0.9114356476176628,0
-0.012783989267348068,-0.8646730923694566,0
-0.07460819848206689,-0.8055428751372308,0
-0.0863253652973712,-0.761616292025572,0
-0.13904850374391087,-0.7326583898830655,0
-0.23149930959446433,-0.594735746965696,0
-0.2627560538901258,-0.5728782311006678,0
-0.3534669344032554,-0.47652217518907425,0
-0.39451400451739627,-0.4386537350454608,0
-0.5209494884262033,-0.3844678030569894,0
-0.6498074317155805,-0.3368261264741098,0
-0.7442058984300137,-0.26046645462188267,0
-0.8732799105778402,-0.1385385799603076,0
-0.9792668933146171,-0.06277634173582315,0
-1.0522942340770935,-0.027764409128226912,0
-1.1123065205293612,0.11076802621303838,0
-1.0826469390684677,0.12988535526326256,0
-1.1259490145322542,0.17833914856627683,0
-1.0178369648988603,0.2791225872274645,0
-1.0131318687851254,0.33071719314524795,0
-0.9901954343580431,0.495924665532207,0
-0.9074079010309243,0.5292231045466084,0
-0.8029859996996543,0.5495237783030513,0
-0.7581617119005365,0.6299453034793847,0
-0.7229487956786826,0.7948830835745602,0
-0.6434386220086057,0.7298856048258782,0
-0.5428323898436753,0.7825957206773906,0
-0.5568648817990354,0.8865444907661594,0
-0.5591525824706384,0.8784202781019878,0
-0.4855095533106228,0.9876061919847261,0
-0.4244421051061229,0.9815309505893416,0
-0.3596615373154519,1.0381103674690833,0
-0.31946508597613227,1.018067743064244,0
-0.23935096605248518,1.0030255083288167,0
-0.17137711099222092,1.0649517436824305,0
0.016512138483953647,1.0090645353691936,0
0.1488678622708953,1.0014031455704715,0
0.3141659440188156,0.9613617828847735,0
0.4431039788834123,0.8567545595791117,0
0.5642699968925986,0.9350184826837256,0
0.7152762275434429,0.9129484852816377,0
0.8044761698112727,0.851059242972427,0
0.8470027059091262,0.8105144677360179,0
0.8564107886089665,0.7407486824587153,0
0.915316466831334,0.6717251514966839,0
0.8674885687062187,0.6630956568594918,0
0.8716666806048063,0.5692528806154638,0
0.8931744915207975,0.5260359719110355,0
0.8619880534981036,0.4673359730596044,0
0.8375715422335952,0.4311902899082619,0
0.8771193377392862,0.3219754419105584,0
0.837960313845674,0.2071990513696547,0
0.8603221167310137,0.1148630977252177,0
0.9224610109507922,0.1382646202874241,0
0.9246336067065032,-0.026771899600199177,0
0.9376581797747182,-0.07433502258721116,0
0.9365534387330222,-0.16272993916944165,0
0.90710884698635,-0.22897608780115225,0
0.8424058583126145,-0.3448924799306684,0
0.7938931662654926,-0.3834017779397941,0
0.6991093784202584,-0.42159551505561943,0
0.5419040085720563,-0.5258830582877937,0
0.37431455844756917,-0.5311107443313665,0
0.2303729618449949,-0.6162895096698798,0
0.18410191128360864,-0.7298870918390614,0
0.04622967159632756,-0.7405691443003497,0
-0.18954856584454027,-0.8447447389365446,0
-0.29222103514640063,-0.8794682189180983,0
-0.3246760594540176,-0.9018635297228664,0
-0.36418777956698994,-0.9376709065179338,0
-0.4192994135504953,-1.0013861826432544,0
-0.4834579452400341,-0.9443181454398506,0
-0.5178557197259279,-0.9930071599656655,0
-0.5689040129902118,-0.9810104771720161,0
-0.5810035807005955,-1.016109274972649,0
-0.5999184979524831,-1.0109111371652153,0
-0.7072872519342749,-1.0327331321681263,0
-0.8094999325319002,-0.9640229533624509,0
-0.8640946835488762,-0.9304098079816058,0
-0.9192978756276166,-0.911051769668947,0
-1.0012388136274641,-0.9020309523290183,0
-1.090213228615035,-0.864418029293729,0
-1.1373187968872003,-0.8329789543734556,0
-1.0956990448877857,-0.7273948671345726,0
-1.1613274417665962,-0.7085432692924926,0
-1.0857116831212532,-0.6527203843583851,0
-1.0361858386001843,-0.5917287989398072,0
-0.947550454526845,-0.5416895253963564,0
-0.8629195722430899,-0.4738116121810255,0
-0.7260309294876905,-0.4089059267985157,0
-0.6053066204452963,-0.33037545867757634,0
-0.560902241040347,-0.2545153224871739,0
-0.3955120045343947,-0.1600971411841015,0
-0.33618837303125504,-0.05701730105837445,0
-0.2746405931919433,-0.05016511056290279,0
-0.2619417188336849,0.11466936701258915,0
-0.1483092363293594,0.11528076251809802,0
-0.08201683460832361,0.23230796016877023,0
-0.1225755795704857,0.3491786858829907,0
-0.044722414820408354,0.3778170731712346,0
0.04431613036217099,0.4621600317726098,0
0.15473697900498698,0.5144755110723134,0
0.26244801505530324,0.6332147960352197,0
0.3540445639676145,0.6979238806022579,0
0.488426321793962,0.7131873706410878,0
0.6059760110696298,0.8015231707706962,0
0.7426160983453799,0.8852750688640159,0
0.8631649455787789,0.8547024169919664,0
0.9813378724015895,0.9041703214483365,0
1.0160340338536504,0.9428366301736593,0
1.0593087471793845,0.9235743726418189,0
0.9882988627894472,0.955077795396745,0
1.0142202708761194,1.0132191897081415,0
1.0028609247627787,1.0136281625987202,0
1.0071048511142988,0.9973588925182324,0
0.9378244509464335,0.9972647672599512,0
0.8622316925130239,1.0307197228827156,0
0.8128573121795493,1.0162329513977673,0
0.7748832286890014,0.9425184297785847,0
0.7561998337453604,0.8856716934371501,0
0.6843107186889316,0.8579412203822429,0
0.743995879027788,0.862586762493264,0
0.7082417879712015,0.8248825178661658,0
0.6583161149048239,0.743086272848667,0
0.6232894651661481,0.6434575068237567,0
0.6225969436301471,0.6549586691769523,0
0.5486204849907131,0.5522644476266015,0
0.4837093597554537,0.5261851840400035,0
0.26871310820368977,0.46504958493761456,0
0.14725990462509259,0.4256783721316478,0
0.048373332867585675,0.26463148462282227,0
-0.17674639743783763,0.2879478218063986,0
-0.261785692024949,0.18269521366617442,0
-0.4033961344768872,0.0955331814734652,0
-0.5096847908401396,-0.03932042886899106,0
-0.5971001631953374,-0.06550514802169193,0
-0.690157194667777,-0.1297687036004471,0
-0.7243143323099717,-0.18548032350684193,0
-0.7418819173392964,-0.3454842268284592,0
-0.7602291163125313,-0.3136152690902607,0
-0.7932189570735529,-0.5052799570579423,0
-0.8036481864946263,-0.5902574858321417,0
-0.7757540040564036,-0.6139914122742133,0
-0.7842349002498403,-0.650901601202826,0
-0.8343313282023156,-0.6744355159559206,0
-0.88677100253565,-0.7771143464043946,0
-0.9820432013997099,-0.7943611784104551,0
-0.9486653781335688,-0.8793879000665187,0
-1.0581225480104464,-0.9007240139421745,0
-1.0533597740658902,-0.9365812834488044,0
-1.0270052220033357,-0.9469341038845038,0
-1.0784749896735075,-1.0022061954661987,0
-1.0287913261527741,-0.9889809083284836,0
-0.8647311762094742,-0.9703329306148066,0
-0.8412615789137331,-0.9889151611092244,0
-0.6980901686606817,-0.9801379423722917,0
-0.4743532974351078,-0.9266424858443199,0
-0.4016005286534661,-0.9743760938245002,0
-0.3325231855463706,-0.9137657300461777,0
-0.17150657738810235,-0.9254294187435128,0
-0.028886765867185787,-0.8981628724835822,0
0.07072472614005104,-0.8386112335577955,0
0.14551307344787384,-0.8310818267925476,0
0.1510531943134498,-0.7694427659940462,0
0.22341195944562964,-0.6763899185930943,0
0.29251031754986917,-0.6181365643649345,0
0.2622068284246317,-0.5550653615885937,0
0.3606971552548814,-0.5022421397765319,0
0.41051150482273435,-0.4500424464051078,0
0.4900034174425787,-0.3712641829214279,0
0.5876219772276957,-0.3496672900407251,0
0.6760816299716171,-0.24603733246799633,0
0.7855904600013466,-0.17935915183773052,0
0.8776598555531819,-0.04728933592942458,0
0.9921994877492817,0.03543611574094298,0
1.093267666690773,0.11602185069969984,0
1.128476450173578,0.14768278591535305,0
1.0726743515113413,0.2283925921076253,0
1.1946777371405424,0.32591237366632664,0
1.1067396973384225,0.43065319682045744,0
1.061598018800574,0.48901980669308037,0
0.9443943588014373,0.47880971952505696,0
0.8734232671092421,0.6562742056872575,0
0.796749936797746,0.6771539897919728,0
0.6588837643522305,0.7195386946008113,0
0.6584935504716904,0.8299547677425758,0
0.5558989349513425,0.8321220863632929,0
0.5893727555596603,0.8511834659698697,0
0.4961539788238987,0.9129528224354538,0
0.4510717867912377,0.9594967366230112,0
0.44095586173909584,0.9289794269414599,0
0.36505955164170995,1.0175938602481975,0
0.27661707299748695,0.9858022135910895,0
0.23130634550039303,0.9836428767671488,0
0.12160744273694747,1.0093358386238056,0
0.01231303298581369,0.969033269821424,0
-0.07408738778810593,0.9442255820782078,0
-0.21241246263576086,0.995598075639674,0
-0.3634522003046093,0.8870783759914384,0
-0.5463901041450067,0.9396463563455446,0
-0.648721383185011,0.8832119372312973,0
-0.73253712909625,0.8084497049614447,0
-0.8427097150574144,0.8265019855389295,0
-0.9176882415521953,0.744316267651038,0
-0.9642481936549495,0.7080406003974343,0
-0.9847578712430035,0.6333426818327628,0
-0.944315873023913,0.5918051613306117,0
-0.9644918724384957,0.49870066322153667,0
-0.91977851782773,0.43959376101986253,0
-0.9040347241291317,0.34460414980684817,0
-0.8552868831026658,0.3402570041959314,0
-0.8206983441147294,0.24292611775798362,0
-0.8485726529567168,0.18082814161580624,0
-0.8805968504435147,0.014359242161156555,0
-0.8312761781410527,-0.012330845112621721,0
-0.8593993985066293,-0.08185954431026919,0
-0.840180911364227,-0.1199418117593791,0
-0.8714275974230661,-0.2296466141925932,0
-0.8688240083432216,-0.2717834189190945,0
-0.7708892710984775,-0.3681851056033519,0
-0.7413720944794947,-0.4709427352096628,0
-0.5969877355717796,-0.5105661587365259,0
-0.49597950156058546,-0.6017982910931238,0
-0.38922167440580996,-0.6519255428643201,0
-0.15378094758764704,-0.6930585824880898,0
-0.0169298932398115,-0.7289304670767843,0
0.0803409739239778,-0.765557444476413,0
0.25706269510910595,-0.8621214268454874,0
0.33659668809374416,-0.8919812194517838,0
0.46290774583956457,-0.9291827536622657,0
0.4805269617752013,-0.9655843205025525,0
0.5514143051880097,-0.949225995189655,0
0.5942613854377679,-1.0028929641447917,0
0.5937389610602933,-1.017836338128445,0
0.6550545571341493,-0.9873556926995238,0
0.6648444444718682,-1.0109439819932233,0
0.6338776379885559,-0.9800777038297781,0
0.7556712604997966,-0.9412465376950727,0
0.766220544035348,-1.017499466114141,0
0.8156561988868302,-0.9559779146265331,0
0.8793582398814576,-0.875189551478244,0
0.9631777180930676,-0.839830203362418,0
1.0429195609146216,-0.7770826191022636,0
1.094742717077548,-0.7343181607143999,0
1.109105735075599,-0.6896714964200987,0
1.1066494012044363,-0.614155093530721,0
1.0465025668227976,-0.5608997575876177,0
1.0027270425612411,-0.4714678059111533,0
0.8780018500171406,-0.4145585337931945,0
0.7907786949276177,-0.3663457219593711,0
0.6892981082902316,-0.3068541134287442,0
0.5778124736962532,-0.2568629228180918,0
0.46360857002387157,-0.15888251559764083,0
0.31121852393936533,-0.14590451832420218,0
0.16069151726943617,0.028306034638421473,0
0.14135155048079173,0.10769293262772864,0
0.12246027856100639,0.1895383575304912,0
-0.013423477975961592,0.2515053936236058,0
0.006125579328629731,0.36013440402468005,0
-0.043246371962229156,0.37855041167282255,0
-0.07425699340261628,0.4688614944873598,0
-0.1919392252444356,0.5276203938477085,0
-0.22433015483537952,0.5409425668553289,0
-0.33610179400940215,0.6581910407952207,0
-0.41937662066335757,0.6876638509514017,0
-0.5391777877814048,0.7869319022139765,0
-0.6720303245631191,0.8066337254050153,0
-0.8736396343817617,0.8758492145354139,0
-0.9180608643258712,0.8751485801190672,0
-0.961434713585195,0.9153596798671818,0
-1.0517664219640288,0.9297949998627225,0
-1.1013574974148732,1.0054543533548383,0
-1.0778238848551114,0.9958559138252602,0
-1.1075298507576348,0.9894566137878925,0
-1.0374919809556333,0.9918312064140331,0
-0.9765418855836031,0.9694127667390012,0
-0.9359822697667806,0.9661077352366533,0
-0.8490241098725384,0.9707855137278021,0
-0.7844341098620542,0.9798216325408,0
-0.7593770762467094,0.8890477609271701,0
-0.6800764904050226,0.8984273762306414,0
-0.7016680973124567,0.8825664552589678,0
-0.6021494548647759,0.821390577195744,0
-0.6072183804271442,0.794615522511954,0
-0.537460358903254,0.7536230775400761,0
-0.5589190299639463,0.6494826753735055,0
-0.5199376815681742,0.606696184391778,0
-0.41618303019008457,0.5209509762955397,0
-0.3715006108991681,0.44178161597124693,0
-0.21602768599932476,0.3865426735343573,0
-0.033615894253127526,0.25684976406335364,0
0.005717926036752703,0.23921757564734722,0
0.15113025221147783,0.09696045764255207,0
0.3316553363133112,0.09552900915818617,0
0.5221665692226236,-0.010772496579860442,0
0.6252506349213333,-0.09237906518881064,0
0.7170262787330073,-0.17087205417420007,0
0.7623235594919389,-0.1857734204414141,0
0.8455111293264814,-0.2751442673588345,0
0.8866212052821705,-0.42546438130789255,0
0.8884686732425771,-0.44760517774077874,0
0.8884241632746709,-0.5616329019351082,0
0.848010009355874,-0.5213762061091476,0
0.8470631572409856,-0.6395074596670519,0
0.7948871597440633,-0.7144790743465358,0
0.8800197652841912,-0.7320617625496297,0
0.9009677055527181,-0.7936440831214632,0
0.8834614457763217,-0.8500106790945097,0
0.8996920007136949,-0.9042195468042568,0
0.9317477710596115,-0.9132083767202526,0
0.9917358736725348,-0.9893241109601582,0
0.9661938941611218,-0.9675582768051016,0
0.9730720037145973,-0.9560696390475737,0
0.9636418961581816,-1.0356220195824042,0
0.8487801963500899,-1.0020197230533894,0
0.7417583258947703,-1.0090430930139476,0
0.6303908363619458,-0.9728281589701258,0
0.4988633331268594,-0.9642445591668976,0
0.42096741884244504,-0.9616674090709856,0
0.20925307885114253,-0.9005214126986525,0
0.08499650026319788,-0.9178605434582909,0
-0.04888117945623663,-0.8490653956384479,0
-0.14342784927165725,-0.7973983328510159,0
-0.2590921998509657,-0.7675939688614603,0
-0.2449586565583861,-0.713492079979933,0
-0.35210287646339933,-0.6295760911203835,0
-0.44470644313041685,-0.5995721498706972,0
-0.4264898886276663,-0.5451248218873436,0
-0.4855146301626324,-0.47386733870450376,0
-0.5162825684185922,-0.3654832541072083,0
-0.49583546268591977,-0.3088281021545601,0
-0.6372501892765372,-0.20558908888090335,0
-0.7210253262191586,-0.14168810187608075,0
-0.8091347401256579,-0.15534349920622437,0
-0.8585025907553883,0.022083274173921568,0
-0.945428246891747,0.08076634819911371,0
-1.025927144675269,0.1255292935756368,0
-1.145189169425484,0.19203077992100584,0
-1.166906736744266,0.3437235734317371,0
-1.142431487660543,0.3268504155883308,0
-1.0987106204401358,0.43767699402942084,0
-1.0836472425226653,0.5059307451714947,0
-0.9547051214115736,0.5608471653668722,0
-0.8487776863021276,0.7098542329896192,0
-0.728234151381548,0.6763381031141134,0
-0.6522679894016222,0.7207594715337742,0
-0.5810103168497343,0.8154456731864361,0
-0.4647820519785651,0.8121862233346171,0
-0.4552220086382259,0.9103299695506357,0
-0.38464237930016454,0.95600670049177,0
-0.2992364274043538,0.9709783325371388,0
-0.2218754126406413,0.962423647319511,0
-0.2105178025677123,0.9568028851532204,0
-0.1843089380479675,1.0149344113590204,0
-0.13423739414796132,1.0281894206606121,0
-0.034613785849672014,1.0426659545546713,0
0.07484241388636624,0.958030516101408,0
0.17415950410706144,0.9613489215713917,0
0.3248952232685559,0.9858035740662678,0
0.3443890152504247,0.9161287354346574,0
0.5573569729290252,0.8784052434720551,0
0.6811878679755088,0.8339625576394157,0
0.8134079901941038,0.7767042611705838,0
0.9277711273092173,0.7810717253571792,0
0.9378261074642114,0.6435324590741861,0
1.0196468561685443,0.6736641220792394,0
1.0587443349149956,0.6015757208277639,0
0.9954859123803729,0.5610819086277515,0
1.0614602082453681,0.4279418866539525,0
0.9766048544779382,0.3336622452819779,0
0.8936059833426857,0.2866285095733177,0
0.8693452249767678,0.25775503821384554,0
0.8258709437620527,0.14139045124460847,0
0.8156600534441785,0.10055244695861444,0
3.298394796107552,-2.05647178535522,1
3.2665727430099474,-2.060825693772708,1
3.2235596109369435,-2.1519096747812165,1
3.2110323076331175,-2.2352148641703637,1
3.2057234815597333,-2.3343234262101586,1
3.1890738419299187,-2.3986514045359018,1
3.1062824276778294,-2.4765729618177286,1
3.1546613730490334,-2.4983862243219734,1
3.0442937532075547,-2.5885176320866323,1
2.9296045878675447,-2.6874308581664543,1
2.7598594610319047,-2.709589573021035,1
2.630115768700043,-2.758004446981029,1
2.496914235437273,-2.788342645699933,1
2.373021766348189,-2.864241245819656,1
2.1807660218674965,-2.9370783919750396,1
2.090165376683793,-2.9370483454466507,1
1.9350317713114231,-2.9207084003065216,1
1.9262352247289667,-3.0043562999597984,1
1.8423437803742018,-2.974130163117717,1
1.7780616705414705,-3.0158788165733235,1
-0.7064424966809068,-1.000517834981308,0
-0.7287036023698598,-0.9703187295915587,0
-0.7295420546053114,-1.0190283354112892,0
-0.738703356153338,-0.9356198564964159,0
-0.8215725678225254,-0.9567660629630806,0
-0.8365425469365426,-0.9616975652479626,0
-0.820899919642181,-0.9217275748662976,0
-0.8918318532129134,-0.8369295878109767,0
-0.9320772466368346,-0.8138781641577216,0
-0.9929023827671493,-0.7660184831698006,0
-1.0480090412913365,-0.7183683919266434,0
-1.0570645573520194,-0.6663442869784275,0
-1.0648420085439467,-0.6336474860245017,0
-1.0556729365541324,-0.553832506151788,0
-0.9651896870875339,-0.4267771030726197,0
-0.8722623563732663,-0.3532951984201006,0
-0.8049285793473414,-0.30061586937654006,0
-0.6601328735656956,-0.25064518938692437,0
-0.4916004184260014,-0.13515723615987904,0
-0.3696755558618593,-0.07153864100655843,0
-0.2563611805309447,0.02827339608025443,0
-0.12523672539604536,0.10415616759528551,0
-0.08176775319313134,0.16999040035929355,0
0.06782452280179921,0.21624742412417247,0
0.0754496676082249,0.25992880752953057,0
0.11005141900978213,0.3537375351402082,0
0.1616243721793727,0.4420561400296293,0
0.2082618176304105,0.46333996860435545,0
0.2643486085293922,0.5838447563484965,0
0.2908935898232911,0.6445333774254969,0
0.41966611953171495,0.6810604857762067,0
0.4657239564876105,0.7517602006408477,0
0.6061208403333974,0.8420804016062504,0
0.6936755187970535,0.914287513763426,0
0.8361358293747098,0.8504001547830968,0
0.9300708269950219,0.9176175452647933,0
1.0254089790553365,0.9264128426470227,0
1.1064600155195685,0.9572480756676556,0
1.1734259334988217,0.9808084465904178,0
1.1543702655663093,1.0059317662574678,0
1.1000679499697232,0.9629524081472126,0
1.119610553461579,0.9955346779775639,0
1.039169804809038,0.9862597964085587,0
0.9450693274133136,0.9645500937228686,0
0.830906320210959,0.9830883055707929,0
0.7401573394419668,0.9075657686989324,0
0.6774576500202456,0.8944149219403712,0
0.605035076385191,0.8448617267558394,0
0.6142867945756821,0.8089940350209693,0
0.5031456127041122,0.718851336006369,0
0.5347199422373125,0.6799102113519977,0
0.48153924970506223,0.6268325924785899,0
0.4200851760913942,0.6444191191176954,0
0.38892132600939333,0.5817784729463595,0
0.3701108877620674,0.41943884201886616,0
0.27808074844857555,0.3947585990363487,0
0.11641337785461009,0.24652765455637926,0
0.03981081200149891,0.26088608163055005,0
-0.13023053907561227,0.15576002037682413,0
-0.2568389279719117,0.11459966355457107,0
-0.4935180276594202,0.0009476013116591865,0
-0.4942492989145656,-0.095885276294067,0
-0.6711855577259811,-0.16569212106590342,0
-0.7572697892860122,-0.22326341487090234,0
-0.8418740358513632,-0.33897604081852967,0
-0.9345899179205944,-0.3736388939445855,0
-0.8935622775958334,-0.49167347994143884,0
-0.927481670553081,-0.5079172919813846,0
-0.8904215020221423,-0.5840967422614224,0
-0.8606866920117185,-0.6531585574986014,0
-0.9488977058956438,-0.7250392761280396,0
-0.8880425225417746,-0.7157061558138622,0
-0.841696486559811,-0.8526279666950958,0
-0.8465858247462674,-0.8319429948461646,0
-0.8581197127652053,-0.8358695040744234,0
-0.9313703944153585,-0.9465413622812853,0
-0.9094612121932663,-0.904226058095374,0
-0.9298520873699175,-0.8821784079473515,0
-0.8840209346672037,-0.9943727241166205,0
-0.9084888988513263,-0.999607774205067,0
-0.832162105395076,-1.0158368266028979,0
-0.7955251016487184,-1.0560529215206833,0
-0.7180399294969136,-0.9747651247734467,0
-0.5767843202302434,-0.9766454425432832,0
-0.4663102098930121,-0.9495717523635858,0
-0.28710154973012264,-0.9062428194595261,0
-0.13135000640182815,-0.9311750649654243,0
0.0632479012490697,-0.8860162894171182,0
0.12751588201055383,-0.8559788819503156,0
0.2729326920106787,-0.7200142569277942,0
0.3670054608649241,-0.6872477728762986,0
0.4619955355873807,-0.7030787556893474,0
0.4676415417274345,-0.6029988258887821,0
0.42031285112236244,-0.5173735424133866,0
0.5338241430388699,-0.4371054156127774,0
0.5816599105966763,-0.3605508758063722,0
0.6756610121727135,-0.34167297666705054,0
0.5784898783517581,-0.26660468916865143,0
0.6706225293572223,-0.10881643949362527,0
0.7225557952889871,-0.07554080135071845,0
0.8029550564663047,0.024568436332497376,0
0.9237784654791289,0.09142417819913093,0
0.9949570945873768,0.20012772735932263,0
1.0664722107486264,0.2514233730405345,0
1.087055873522792,0.2464000567056929,0
1.0873764051828123,0.3722496314209404,0
1.1542215081279712,0.4744731308277756,0
1.0599826276406843,0.5286927116327763,0
1.0239545555263991,0.5530537237364964,0
0.9834021026725608,0.6578219073786876,0
0.849292837867602,0.6880702830636735,0
0.7358842376040721,0.7484169311765263,0
0.6708089849641761,0.7910432627484024,0
0.5554667048212453,0.8876797601605544,0
0.4298445905922437,0.895577408529458,0
0.32692903959308545,0.8917703613301855,0
0.2226590665047272,0.9219302443547236,0
0.13977335659147844,0.9783897168833278,0
0.23024277929025344,0.9687315363092787,0
0.13948429789289368,1.0334339460331283,0
0.03658341555272786,1.0154592611607698,0
-0.043983103503683854,0.9706311390700201,0
-0.05512855603730765,1.0078270512085117,0
-0.14178288863716915,0.9907312135264413,0
-0.2579651603745024,0.9584189631951445,0
-0.3342541730821146,0.9329985329035039,0
-0.4861414845462284,0.9136348293512805,0
-0.6174918954364133,0.8656539770801045,0
-0.7167471553239979,0.8036143871699881,0
-0.8922433426397574,0.7516582762750343,0
-0.9147495611365917,0.7158294233571009,0
-1.0001909904304844,0.6636846187135124,0
-1.106671107360261,0.5706690466632002,0
-1.0735578698635206,0.550030400501961,0
-1.1033988517092517,0.45022821874237173,0
-1.0450045776086352,0.3705089068568666,0
-0.9944402416383384,0.37748796795484135,0
-0.9244609277449355,0.22920624003336237,0
-0.8833421409726755,0.1309204516417489,0
-0.7640366703048898,0.052333832548039264,0
-0.7905629307151623,0.02736383276237223,0
-0.7015473345767906,-0.09706282002818634,0
-0.7187743487621191,-0.14392133073366892,0
-0.6985980755055125,-0.2420386524026246,0
-0.7035656977043601,-0.29805600585689074,0
-0.6906413060004405,-0.3807283513308083,0
-0.5986095077330165,-0.5139159304664653,0
-0.5851981827210935,-0.49931714853527687,0
-0.5123177306507504,-0.5854670954528864,0
-0.44230733090153956,-0.6402981484656971,0
-0.30862390768514475,-0.6871306200130014,0
-0.1485706455857225,-0.7689615950595864,0
-0.03829679336297474,-0.7871840664351486,0
0.10043625349809751,-0.861797952789333,0
0.23495429313645644,-0.9202509451079329,0
0.36098768165276623,-0.9828626027067244,0
0.46552353854613077,-0.9537732116034127,0
0.6035434429717215,-0.9693470271273819,0
0.6580420529032066,-0.9702038903129407,0
0.7356110086845512,-1.056275819879284,0
0.7797183096741018,-1.0045486667443493,0
0.8000940583671879,-0.9926300569742502,0
0.7486357773119235,-0.9918939446326809,0
0.7978349237387431,-0.9998353905124012,0
0.8344012550910741,-0.94943970141822,0
0.783166071864515,-0.955018312942476,0
0.8528526871743844,-0.9031453314621496,0
0.8607623577255927,-0.8331569527818676,0
0.8785956883666838,-0.8107222426480353,0
1.0021563759432894,-0.777833763561893,0
0.9861332791625715,-0.7216893065367134,0
0.9800617973423509,-0.5926015635280685,0
1.0551869608764355,-0.5836354757701774,0
1.0260941353491628,-0.5485133129130235,0
0.9497645193287447,-0.5133727652309152,0
0.9738640994937269,-0.3479304531469588,0
0.8056629886917028,-0.29987967878485566,0
0.6852863464513536,-0.2594843182937751,0
0.5685784671041898,-0.1957945008366554,0
0.359710214251168,-0.08762825178810321,0
0.3437820908481004,0.007297899356931149,0
0.10199517828292019,0.07765927404124683,0
0.011757402542269209,0.17136778698559163,0
-0.058479720415357324,0.21861113510847524,0
-0.1436095612103025,0.2976590875322011,0
-0.21802243405602534,0.3434273556284726,0
-0.2408131099446125,0.44251177388211005,0
-0.24955540564934375,0.5069579478659502,0
-0.3666597124033148,0.5741445594290443,0
-0.418230449246433,0.6572141130772371,0
-0.44712046552078477,0.7192614289526369,0
-0.4283405061913406,0.7194325624718875,0
-0.5616225854819157,0.769088055313846,0
-0.6383916772865796,0.8337327078556062,0
-0.7543382114571853,0.8375030652228522,0
-0.8600803547500667,0.887672853926752,0
-0.9760679262161777,0.9112863507929232,0
-1.079726733428477,0.9736817694463208,0
-1.0466845249702248,0.983445516779179,0
-1.1442765887443853,1.0411611453880567,0
-1.154571838424846,0.968289762928371,0
-1.11026292000798,0.9847695417334339,0
-1.0801893422839715,0.9394817210982869,0
-1.0832074281838644,0.960153891598818,0
-0.8569757207765157,0.9595335071622919,0
-0.7971912308135243,0.91293604219724,0
-0.7400881923492839,0.8541328864580188,0
-0.6140019103104702,0.8805085744927222,0
-0.5654635261081692,0.7721701238492,0
-0.5186516018141323,0.7531182281801193,0
-0.44234046001090027,0.6811575777777419,0
-0.3617573464301645,0.6170748168048452,0
-0.2945752713073999,0.5382194181957862,0
-0.349778264198626,0.5172592772180006,0
-0.2921087871527495,0.4574959210055374,0
-0.24530025829973393,0.4028849078334941,0
-0.1569984787475057,0.26543478895791195,0
-0.03910278896117908,0.26012818725687276,0
0.0880669158343076,0.20284926153921493,0
0.18717970064161954,0.06872447799683179,0
-2.7008677583751086,2.0605332759072286,1
-2.5104104633827458,1.9641951445182002,1
-2.382673139045261,1.8344811389278604,1
-2.266690713223318,1.7736002585521826,1
-2.19126660558088,1.6904505084225434,1
-2.1100615219276913,1.6100111609913421,1
-2.08282841520483,1.577478936513614,1
0.8967998885617144,-0.5212191434876345,0
1.0391203709375996,-0.5752037971328305,0
0.962670038565893,-0.6676525956950263,0
0.9489421597147093,-0.6822055380394818,0
0.9363120761833711,-0.7621779212737065,0
0.9129741935329303,-0.8156574827236301,0
0.8232861374601066,-0.8485670886502397,0
0.8023042524669017,-0.9163391978259346,0
0.8095039092460777,-0.9435992610454289,0
0.8061877584737395,-0.9083563835939826,0
0.8295081424907933,-0.9844865696059318,0
0.8342053504653091,-0.9457832144225258,0
0.8479428790157979,-0.9765849011021618,0
0.8221037293617456,-0.9709769330181415,0
0.7808066931750978,-0.9922107653298587,0
0.6300323818072124,-0.9679826656427232,0
0.6018171204035815,-0.9852404332312372,0
0.49786434287251624,-0.9638752710391261,0
0.3649061927042305,-0.9429614690960562,0
0.281937139730396,-0.8945522979822534,0
0.08849703658478941,-0.8035393837192535,0
-0.13097084914465745,-0.8264976458800093,0
-0.19002257931261057,-0.796299196845882,0
-0.28558383369115864,-0.7295506546324744,0
-0.3537052567687475,-0.6741917836860037,0
-0.4955184821757331,-0.5893645984351542,0
-0.5392690326579823,-0.50379261173195,0
-0.5900174158813669,-0.4264274140261917,0
-0.5801641325597859,-0.35515178687227916,0
-0.7183714995728402,-0.3273930693834741,0
-0.633366126643534,-0.2674394091183666,0
-0.7549858791232164,-0.1540294724502528,0
-0.7297227430599549,-0.07645545148179372,0
-0.7075871659464621,0.0084376016824132,0
-0.8357081973999796,0.10942039345168687,0
-0.8493186323933725,0.14755203608066034,0
-0.9804276497784121,0.23460772156104534,0
-1.0037761558525375,0.3582294128806109,0
-1.1012500190915682,0.37379232986106753,0
-1.1196087553038259,0.46779006279156343,0
-1.1478342747447805,0.4947564591924914,0
-1.0452509760890574,0.5672841916916787,0
-0.9890699634686679,0.6340108748907892,0
-0.9544340998922718,0.6454896208432567,0
-0.8291813527635388,0.7377374633989644,0
-0.6761995382809387,0.838285529484542,0
-0.5800752392380965,0.8541263547375773,0
-0.5140816357285739,0.8687335428626795,0
-0.2978452249006206,0.9522882935884978,0
-0.2718971672259891,1.0044522281306874,0
-0.1363192873166988,0.9522355998361905,0
-0.12043514984552639,1.008786646780744,0
-0.06371037453818262,0.9926978968953104,0
0.015241236588120608,1.0269492255231587,0
0.026935999416862193,1.0118832420050972,0
0.10583965358770904,1.0102451069637972,0
0.19768384490131619,0.9957681751881027,0
0.220563954209524,0.9666918114598972,0
0.3089519493420346,0.8866027872824762,0
0.40066935048592367,0.8744743779817229,0
0.5296786032886294,0.8018608772223589,0
0.6755211146652202,0.8447546166175005,0
0.7644400160710468,0.7830079016701971,0
0.910798647231298,0.6915474847366966,0
0.9839997600247032,0.703832638306001,0
1.0729173350514842,0.6072220731843665,0
1.0980144287143927,0.5020451151964378,0
1.149593043608761,0.46132783318026976,0
1.053244640039109,0.3764025475238094,0
1.1044149367297793,0.33726120031549,0
1.0230132183103837,0.2968495548174887,0
0.9612730052140513,0.08476971451974483,0
0.9647746146208621,0.04719962171324513,0
0.8030418251176975,-0.031850542512228644,0
0.7266942562551082,-0.13627271219087406,0
0.6555153613794433,-0.19494799481461283,0
0.6328573159912989,-0.21133235296875177,0
0.571733974110483,-0.32348662994354244,0
0.5879726802435072,-0.36063436731337506,0
0.5195008148261399,-0.4933546944021752,0
0.49999716579133374,-0.5309936084697048,0
0.43640005265178383,-0.5428286818091397,0
0.39559531711493334,-0.6577829158095901,0
0.34623012791648083,-0.7331952747874061,0
0.2639669532033094,-0.6720255480847999,0
0.11832003044332479,-0.8171413360578855,0
-0.009623909416691357,-0.8632717635814575,0
-0.1401932400346929,-0.9281278773582061,0
-0.24465715761876589,-0.9109731457682423,0
-0.46715278392772935,-0.9629093739371194,0
-0.6340097546989032,-0.9907316774287414,0
-0.7276711030142385,-0.9775509428755432,0
-0.8126888014178915,-0.9377745293399383,0
-0.814144872590031,-0.967232706506662,0
-0.862039080417735,-0.9864572496341167,0
-0.8558019473650684,-0.9807429686897449,0
-0.8712148661218705,-1.0499493662016866,0
-0.8781682731030311,-0.9922672084616643,0
-0.8202486885832422,-0.9738015978676812,0
-0.8383323127089864,-0.8536056438544132,0
-0.8451825185336167,-0.8451692885421871,0
-0.8365225325350352,-0.8123771494963251,0
-0.9041372349461481,-0.800372217521462,0
-0.8664480804144926,-0.7211705697385534,0
-0.960715742341766,-0.6744638089721554,0
-0.939796588180232,-0.6100733060128234,0
-0.9516288769245244,-0.5106710896750191,0
-0.91118372291464,-0.4428909291799184,0
-0.9174283053537658,-0.38109836449808204,0
-0.8137383512346976,-0.284969490491052,0
-0.764284177618986,-0.22698135409680195,0
-0.6921873490251716,-0.15441563594698812,0
-0.47231114165268984,-0.06270805622201843,0
-0.35175658663672965,0.07011942285347336,0
-0.16041174075768963,0.08526390769048206,0
-0.06190735720024713,0.14062931414124813,0
0.024824354213224473,0.22520461843254125,0
